Method,f=50,f=100,f=200
SVD based model,0.911332953216866,0.9111850196371827,0.9099518305779635
SVD++ model,0.9115571873876168,0.9109688401410647,0.9099044098582333
SVD based OrdRec,1.0439378050010695,1.0251825643021193,1.0285440391171956
SVD++ based OrdRec,1.0541971449210648,1.0722003456201452,1.0911438837546763
