Method,f=50,f=100,f=200
SVD based model,0.7227525102146892,0.7235924037822749,0.7254683955623329
SVD++ model,0.7220984947317332,0.7244839301511464,0.7256921377012389
SVD based OrdRec,0.4833058973180404,0.49337289174110743,0.4902793385776208
SVD++ based OrdRec,0.4457098526807978,0.4746852297662924,0.47430610605320545
