Method,f=50,f=100,f=200
SVD based model,0.7358032964725018,0.7358922075603406,0.7365460707918311
SVD++ model,0.7357714530647849,0.7359317434766632,0.7366931229330855
SVD based OrdRec,0.44799100200839287,0.45267942255896193,0.452722662680364
SVD++ based OrdRec,0.4328315268903001,0.42668930287281487,0.4197887294045698
