Method,f=50,f=100,f=200
SVD based model,0.9418791990056792,0.9406626488227983,0.9387836010348507
SVD++ model,0.9425485427652612,0.9410908396025678,0.9393266693405341
SVD based OrdRec,1.0193625459079807,1.0395431688967995,1.0206860437960343
SVD++ based OrdRec,1.113777356566383,1.0308006596815895,1.0611785900591852
