Method,f=50,f=100,f=200
SVD based model,0.7899210583967659,0.9547572962111133,1.3618259379084563
SVD++ model,10.818195543134804,16.357302036760643,27.416800341990026
SVD based OrdRec,1.0391590064894416,1.5219959154838278,2.3664876853232357
SVD++ based OrdRec,12.01565498720409,19.09204397295916,31.63788770288221
