Method,f=50,f=100,f=200
SVD based model,8.249536204747654,9.679120967483868,15.289508340109478
SVD++ model,187.81101769109145,310.57025400636223,860.6198076880473
SVD based OrdRec,11.633345340180796,17.65871807894814,31.13964483252903
SVD++ based OrdRec,222.19916816342004,356.9593534025464,1135.9745255175594
