,w,t,beta,overall,training time
SGD with gamma_n decayed,0.07062456481431853,0.05947974495368162,0.04580494844319446,0.058636419403731536,9.88466050023426
ASGD with gamma_n decayed,0.036520895235926276,0.04959829401722176,0.0653431300167285,0.050487439756625514,9.88466050023426
