,w,t,beta,overall,training time
Batch SGD with gamma_n decayed,0.25588158894924845,0.2522752067121731,0.3801549929266482,0.29610392952935655,0.14010337649507826
Batch ASGD with gamma_n decayed,0.3585777214255696,0.3622047387464732,0.5737975077835813,0.431526655985208,0.14010337649507826
