,w,t,beta,overall,training time
Batch SGD,0.05837940284632639,0.04758132007830357,0.07248062054101069,0.05948044782188022,0.13409781259307701
