,w,t,beta,overall,training time
SGD,0.5585544565912814,0.6015084598116872,0.24741413486048622,0.4691590170878182,9.209729566957591
